"Name of State / UT","Active Cases - Total","Active Cases - Change Since Yesterday","Cured/Discharged/Migrated - Cumulative","Cured/Discharged/Migrated - Change Since Yesterday","Deaths - Cumulative","Deaths - Change Since Yesterday","Deaths - Reconciled","Deaths - Total","Report Date","Load Date"
"Andaman and Nicobar Islands","466","3","8051","62","129"," ","","",2022-01-17,2022-01-17
"Andhra Pradesh","26770","3900","2065000","669","14510","1","","1",2022-01-17,2022-01-17
"Arunachal Pradesh","1156","86","55195","54","282"," ","","",2022-01-17,2022-01-17
"Assam","20605","1481","619924","1223","6206","5","","5",2022-01-17,2022-01-17
"Bihar","35509","408","739482","5809","12136","9","","9",2022-01-17,2022-01-17
"Chandigarh","9203","692","67338","665","1087","1","","1",2022-01-17,2022-01-17
"Chhattisgarh","32792","653","1013270","3303","13654","7","","7",2022-01-17,2022-01-17
"Dadra and Nagar Haveli and Daman and Diu","212","14","10770","22","4"," ","","",2022-01-17,2022-01-17
"Delhi","89819","3588","1594788","21846","25363","28","","28",2022-01-17,2022-01-17
"Goa","21381","1303","185537","1922","3557","7","","7",2022-01-17,2022-01-17
"Gujarat","63610","4046","852471","6096","10159","8","","8",2022-01-17,2022-01-17
"Haryana","51276","4533","785518","4361","10104","6","","6",2022-01-17,2022-01-17
"Himachal Pradesh","11000","447","228474","627","3891","2","","2",2022-01-17,2022-01-17
"Jammu and Kashmir","15883","3023","338923","470","4567","6","","6",2022-01-17,2022-01-17
"Jharkhand","31747","1342","368359","4114","5203","4","","4",2022-01-17,2022-01-17
"Karnataka","198011","28132","2983645","5902","38431","13","","13",2022-01-17,2022-01-17
"Kerala***","104569","13216","5223430","4749","50832","8","150","158",2022-01-17,2022-01-17
"Ladakh","820","79","22342","96","222"," ","","",2022-01-17,2022-01-17
"Lakshadweep","74","14","10369"," ","51"," ","","",2022-01-17,2022-01-17
"Madhya Pradesh","30109","4593","790269","1785","10545","2","","2",2022-01-17,2022-01-17
"Maharashtra","269102","912","6800900","40386","141808","29","","29",2022-01-17,2022-01-17
"Manipur","1282","219","123961","59","2015","1","","1",2022-01-17,2022-01-17
"Meghalaya","1128","137","83740","74","1490"," ","","",2022-01-17,2022-01-17
"Mizoram","8422","499","143486","722","570"," ","","",2022-01-17,2022-01-17
"Nagaland","457","53","31756","29","703"," ","","",2022-01-17,2022-01-17
"Odisha","65364","6722","1060067","4452","8481","3","","3",2022-01-17,2022-01-17
"Puducherry","7802","1017","128021","142","1887","1","","1",2022-01-17,2022-01-17
"Punjab","41250","3704","605848","3599","16769","15","","15",2022-01-17,2022-01-17
"Rajasthan","63405","4977","965249","4686","9005","6","","6",2022-01-17,2022-01-17
"Sikkim","1989","263","32310","50","413"," ","","",2022-01-17,2022-01-17
"Tamil Nadu","142476","11469","2760458","12484","36989","22","","22",2022-01-17,2022-01-17
"Telangana","22048","31","683104","2013","4057","3","","3",2022-01-17,2022-01-17
"Tripura","5602","496","85134","143","840","2","","2",2022-01-17,2022-01-17
"Uttarakhand","17223","2331","345291","351","7440"," ","","",2022-01-17,2022-01-17
"Uttar Pradesh","103474","8326","1707675","8802","22963","10","","10",2022-01-17,2022-01-17
"West Bengal","160305","4929","1717306","9973","20088","36","","36",2022-01-17,2022-01-17
"Andaman and Nicobar Islands","449","17","8117","66","129"," ","","",2022-01-18,2022-01-18
"Andhra Pradesh","30182","3412","2065696","696","14510"," ","","",2022-01-18,2022-01-18
"Arunachal Pradesh","1476","320","55279","84","282"," ","","",2022-01-18,2022-01-18
"Assam","25295","4690","622205","2281","6217","11","","11",2022-01-18,2022-01-18
"Bihar","33123","2386","745389","5907","12141","5","","5",2022-01-18,2022-01-18
"Chandigarh","9104","99","68299","961","1089","2","","2",2022-01-18,2022-01-18
"Chhattisgarh","31960","832","1018666","5396","13664","10","","10",2022-01-18,2022-01-18
"Dadra and Nagar Haveli and Daman and Diu","216","4","10786","16","4"," ","","",2022-01-18,2022-01-18
"Delhi","83982","5837","1613128","18340","25387","24","","24",2022-01-18,2022-01-18
"Goa","21957","576","187129","1592","3563","6","","6",2022-01-18,2022-01-18
"Gujarat","70374","6764","858455","5984","10164","5","","5",2022-01-18,2022-01-18
"Haryana","54837","3561","791149","5631","10116","12","","12",2022-01-18,2022-01-18
"Himachal Pradesh","12142","1142","229772","1298","3897","6","","6",2022-01-18,2022-01-18
"Jammu and Kashmir","17928","2045","339700","777","4572","5","","5",2022-01-18,2022-01-18
"Jharkhand","29974","1773","372625","4266","5209","6","","6",2022-01-18,2022-01-18
"Karnataka","217326","19315","2991472","7827","38445","14","","14",2022-01-18,2022-01-18
"Kerala***","122163","17594","5228710","5280","50904","18","54","72",2022-01-18,2022-01-18
"Ladakh","844","24","22470","128","222"," ","","",2022-01-18,2022-01-18
"Lakshadweep","111","37","10371","2","51"," ","","",2022-01-18,2022-01-18
"Madhya Pradesh","34973","4864","792375","2106","10545"," ","","",2022-01-18,2022-01-18
"Maharashtra","271097","1995","6829992","29092","141832","24","","24",2022-01-18,2022-01-18
"Manipur","1457","175","124021","60","2015"," ","","",2022-01-18,2022-01-18
"Meghalaya","1207","79","83835","95","1490"," ","","",2022-01-18,2022-01-18
"Mizoram","8869","447","144316","830","573","3","","3",2022-01-18,2022-01-18
"Nagaland","484","27","31777","21","703"," ","","",2022-01-18,2022-01-18
"Odisha","69885","4521","1066032","5965","8484","3","","3",2022-01-18,2022-01-18
"Puducherry","8559","757","128168","147","1890","3","","3",2022-01-18,2022-01-18
"Punjab","43429","2179","610241","4393","16790","21","","21",2022-01-18,2022-01-18
"Rajasthan","66742","3337","971143","5894","9010","5","","5",2022-01-18,2022-01-18
"Sikkim","2012","23","32504","194","413"," ","","",2022-01-18,2022-01-18
"Tamil Nadu","152348","9872","2774009","13551","37009","20","","20",2022-01-18,2022-01-18
"Telangana","22197","149","685399","2295","4060","3","","3",2022-01-18,2022-01-18
"Tripura","6491","889","85626","492","844","4","","4",2022-01-18,2022-01-18
"Uttarakhand","18196","973","347609","2318","7444","4","","4",2022-01-18,2022-01-18
"Uttar Pradesh","106616","3142","1720077","12402","22972","9","","9",2022-01-18,2022-01-18
"West Bengal","158623","1682","1728340","11034","20121","33","","33",2022-01-18,2022-01-18
"Andaman and Nicobar Islands","460","11","8190","73","129"," ","","",2022-01-19,2022-01-19
"Andhra Pradesh","36108","5926","2066762","1066","14514","4","","4",2022-01-19,2022-01-19
"Arunachal Pradesh","1697","221","55408","129","282"," ","","",2022-01-19,2022-01-19
"Assam","30907","5612","624649","2444","6233","16","","16",2022-01-19,2022-01-19
"Bihar","33885","762","749174","3785","12145","4","","4",2022-01-19,2022-01-19
"Chandigarh","9578","474","69098","799","1091","2","","2",2022-01-19,2022-01-19
"Chhattisgarh","31769","191","1024462","5796","13673","9","","9",2022-01-19,2022-01-19
"Dadra and Nagar Haveli and Daman and Diu","216"," ","10813","27","4"," ","","",2022-01-19,2022-01-19
"Delhi","78112","5870","1630644","17516","25425","38","","38",2022-01-19,2022-01-19
"Goa","21997","40","189605","2476","3569","6","","6",2022-01-19,2022-01-19
"Gujarat","79600","9226","866338","7883","10174","10","","10",2022-01-19,2022-01-19
"Haryana","57300","2463","797066","5917","10124","8","","8",2022-01-19,2022-01-19
"Himachal Pradesh","13639","1497","231354","1582","3902","5","","5",2022-01-19,2022-01-19
"Jammu and Kashmir","21677","3749","340599","899","4575","3","","3",2022-01-19,2022-01-19
"Jharkhand","28586","1388","376523","3898","5213","4","","4",2022-01-19,2022-01-19
"Karnataka","250410","33084","2999825","8353","38465","20","","20",2022-01-19,2022-01-19
"Kerala***","143219","21056","5236013","7303","51026","39","83","122",2022-01-19,2022-01-19
"Ladakh","965","121","22513","43","222"," ","","",2022-01-19,2022-01-19
"Lakshadweep","148","37","10376","5","51"," ","","",2022-01-19,2022-01-19
"Madhya Pradesh","39450","4477","795050","2675","10547","2","","2",2022-01-19,2022-01-19
"Maharashtra","271427","330","6868816","38824","141885","53","","53",2022-01-19,2022-01-19
"Manipur","1791","334","124067","46","2015"," ","","",2022-01-19,2022-01-19
"Meghalaya","1318","111","83997","162","1492","2","","2",2022-01-19,2022-01-19
"Mizoram","9012","143","145485","1169","574","1","","1",2022-01-19,2022-01-19
"Nagaland","454","30","31896","119","703"," ","","",2022-01-19,2022-01-19
"Odisha","73222","3337","1073777","7745","8488","4","","4",2022-01-19,2022-01-19
"Puducherry","10393","1834","128424","256","1893","3","","3",2022-01-19,2022-01-19
"Punjab","43977","548","616153","5912","16817","27","","27",2022-01-19,2022-01-19
"Rajasthan","69388","2646","978199","7056","9019","9","","9",2022-01-19,2022-01-19
"Sikkim","2157","145","32731","227","415","2","","2",2022-01-19,2022-01-19
"Tamil Nadu","161171","8823","2789045","15036","37038","29","","29",2022-01-19,2022-01-19
"Telangana","22472","275","688105","2706","4062","2","","2",2022-01-19,2022-01-19
"Tripura","7050","559","86305","679","848","4","","4",2022-01-19,2022-01-19
"Uttarakhand","20620","2424","349661","2052","7450","6","","6",2022-01-19,2022-01-19
"Uttar Pradesh","101114","5502","1740268","20191","22984","12","","12",2022-01-19,2022-01-19
"West Bengal","155711","2912","1741648","13308","20155","34","","34",2022-01-19,2022-01-19
"Andaman and Nicobar Islands","443","17","8366","176","129"," ","","",2022-01-20,2022-01-20
"Andhra Pradesh","44935","8827","2067984","1222","14522","8","","8",2022-01-20,2022-01-20
"Arunachal Pradesh","1938","241","55602","194","282"," ","","",2022-01-20,2022-01-20
"Assam","36508","5601","627372","2723","6248","15","","15",2022-01-20,2022-01-20
"Bihar","30482","3403","756629","7455","12156","11","","11",2022-01-20,2022-01-20
"Chandigarh","9966","388","70210","1112","1093","2","","2",2022-01-20,2022-01-20
"Chhattisgarh","32021","252","1029826","5364","13682","9","","9",2022-01-20,2022-01-20
"Dadra and Nagar Haveli and Daman and Diu","231","15","10840","27","4"," ","","",2022-01-20,2022-01-20
"Delhi","75282","2830","1647224","16580","25460","35","","35",2022-01-20,2022-01-20
"Goa","22807","810","192724","3119","3576","7","","7",2022-01-20,2022-01-20
"Gujarat","90726","11126","876166","9828","10186","12","","12",2022-01-20,2022-01-20
"Haryana","59367","2067","803834","6768","10136","12","","12",2022-01-20,2022-01-20
"Himachal Pradesh","14918","1279","233215","1861","3909","7","","7",2022-01-20,2022-01-20
"Jammu and Kashmir","26236","4559","341854","1255","4579","4","","4",2022-01-20,2022-01-20
"Jharkhand","27422","1164","380292","3769","5225","12","","12",2022-01-20,2022-01-20
"Karnataka","267679","17269","3023034","23209","38486","21","","21",2022-01-20,2022-01-20
"Kerala***","169109","25890","5244206","8193","51160","49","85","134",2022-01-20,2022-01-20
"Ladakh","1020","55","22643","130","222"," ","","",2022-01-20,2022-01-20
"Lakshadweep","185","37","10383","7","51"," ","","",2022-01-20,2022-01-20
"Madhya Pradesh","43973","4523","798119","3069","10552","5","","5",2022-01-20,2022-01-20
"Maharashtra","268484","2943","6915407","46591","141934","49","","49",2022-01-20,2022-01-20
"Manipur","2004","213","124212","145","2015"," ","","",2022-01-20,2022-01-20
"Meghalaya","1444","126","84139","142","1492"," ","","",2022-01-20,2022-01-20
"Mizoram","9075","63","146403","918","576","2","","2",2022-01-20,2022-01-20
"Nagaland","515","61","31948","52","704","1","","1",2022-01-20,2022-01-20
"Odisha","78038","4816","1080562","6785","8494","6","","6",2022-01-20,2022-01-20
"Puducherry","11344","951","129319","895","1896","3","","3",2022-01-20,2022-01-20
"Punjab","45505","1528","622313","6160","16846","29","","29",2022-01-20,2022-01-20
"Rajasthan","74561","5173","986412","8213","9031","12","","12",2022-01-20,2022-01-20
"Sikkim","2398","241","32917","186","415"," ","","",2022-01-20,2022-01-20
"Tamil Nadu","170661","9490","2806501","17456","37073","35","","35",2022-01-20,2022-01-20
"Telangana","24253","1781","689878","1773","4065","3","","3",2022-01-20,2022-01-20
"Tripura","7619","569","86914","609","855","7","","7",2022-01-20,2022-01-20
"Uttarakhand","22962","2342","351715","2054","7456","6","","6",2022-01-20,2022-01-20
"Uttar Pradesh","98238","2876","1760800","20532","22990","6","","6",2022-01-20,2022-01-20
"West Bengal","151702","4009","1757066","15418","20193","38","","38",2022-01-20,2022-01-20
"Andaman and Nicobar Islands","574","24","8819","94","129"," ","","",2022-01-26,2022-01-26
"Andhra Pradesh","101396","8091","2092998","5716","14561","12","","12",2022-01-26,2022-01-26
"Arunachal Pradesh","3463","150","56851","375","284","1","","1",2022-01-26,2022-01-26
"Assam","42845","2577","653719","6747","6338","19","","19",2022-01-26,2022-01-26
"Bihar","14771","62","788737","2420","12197","4","","4",2022-01-26,2022-01-26
"Chandigarh","7033","735","78664","1275","1103"," ","","",2022-01-26,2022-01-26
"Chhattisgarh","30254","820","1061109","5711","13769","23","","23",2022-01-26,2022-01-26
"Dadra and Nagar Haveli and Daman and Diu","198","10","11029","27","4"," ","","",2022-01-26,2022-01-26
"Delhi","42010","3130","1735808","9127","25681","31","","31",2022-01-26,2022-01-26
"Goa","18197","736","210799","2522","3623","8","","8",2022-01-26,2022-01-26
"Gujarat","134261","887","948405","17467","10302","28","","28",2022-01-26,2022-01-26
"Haryana","42815","9072","867828","15083","10212","18","","18",2022-01-26,2022-01-26
"Himachal Pradesh","13260","2281","245900","3298","3953","9","","9",2022-01-26,2022-01-26
"Jammu and Kashmir","47376","2767","357163","3789","4627","14","","14",2022-01-26,2022-01-26
"Jharkhand","15825","1632","402222","3113","5281","9","","9",2022-01-26,2022-01-26
"Karnataka","350772","11745","3216070","53093","38666","52","","52",2022-01-26,2022-01-26
"Kerala***","286077","25095","5386868","30226","52141","70","84","154",2022-01-26,2022-01-26
"Ladakh","1317","73","23496","144","223","1","","1",2022-01-26,2022-01-26
"Lakshadweep","275","22","10539","32","52"," ","","",2022-01-26,2022-01-26
"Madhya Pradesh","70870","977","832742","8467","10583","7","","7",2022-01-26,2022-01-26
"Maharashtra","306752","3328","7120436","30500","142237","86","","86",2022-01-26,2022-01-26
"Manipur","3599","149","125321","308","2031","4","","4",2022-01-26,2022-01-26
"Meghalaya","2360","103","85302","293","1499","1","","1",2022-01-26,2022-01-26
"Mizoram","11804","1100","151734","653","590","4","","4",2022-01-26,2022-01-26
"Nagaland","775","82","32335","81","708","1","","1",2022-01-26,2022-01-26
"Odisha","67149","4360","1142161","10244","8532","7","","7",2022-01-26,2022-01-26
"Puducherry","16394","742","136948","1165","1912","4","","4",2022-01-26,2022-01-26
"Punjab","42589","3056","663404","6930","17059","36","","36",2022-01-26,2022-01-26
"Rajasthan","92692","810","1047321","10559","9140","22","","22",2022-01-26,2022-01-26
"Sikkim","2082","25","34827","261","424","1","","1",2022-01-26,2022-01-26
"Tamil Nadu","211270","4786","2945678","25221","37312","48","","48",2022-01-26,2022-01-26
"Telangana","36269","2596","703008","1961","4077","2","","2",2022-01-26,2022-01-26
"Tripura","7727","151","90682","540","881","2","","2",2022-01-26,2022-01-26
"Uttarakhand","31236","44","368625","3931","7497","6","","6",2022-01-26,2022-01-26
"Uttar Pradesh","86563","7361","1859717","18875","23088","15","","15",2022-01-26,2022-01-26
"West Bengal","80168","14367","1873706","18825","20411","36","","36",2022-01-26,2022-01-26
"Andaman and Nicobar Islands","475","29","9086","95","129"," ","","",2022-01-29,2022-01-29
"Andhra Pradesh","113300","3807","2120717","8742","14591","12","","12",2022-01-29,2022-01-29
"Arunachal Pradesh","3197","135","58145","515","285"," ","","",2022-01-29,2022-01-29
"Assam","33360","3162","671631","6002","6400","21","","21",2022-01-29,2022-01-29
"Bihar","8994","1328","799308","2976","12211","6","","6",2022-01-29,2022-01-29
"Chandigarh","4647","773","82623","1168","1112","4","","4",2022-01-29,2022-01-29
"Chhattisgarh","26123","1167","1077082","5075","13809","11","","11",2022-01-29,2022-01-29
"Dadra and Nagar Haveli and Daman and Diu","129","22","11140","34","4"," ","","",2022-01-29,2022-01-29
"Delhi","29152","4023","1764411","8042","25769","25","","25",2022-01-29,2022-01-29
"Goa","11903","1366","220793","2668","3665","20","","20",2022-01-29,2022-01-29
"Gujarat","107915","9969","1014501","22070","10375","30","","30",2022-01-29,2022-01-29
"Haryana","32011","3570","895339","8181","10256","19","","19",2022-01-29,2022-01-29
"Himachal Pradesh","9752","584","253847","2417","3978","10","","10",2022-01-29,2022-01-29
"Jammu and Kashmir","45156","1501","374282","5850","4647","5","","5",2022-01-29,2022-01-29
"Jharkhand","10383","1693","410461","2599","5297","6","","6",2022-01-29,2022-01-29
"Karnataka","288797","39944","3396093","71092","38804","50","","50",2022-01-29,2022-01-29
"Kerala***","334162","23960","5494185","30225","52786","94","258","352",2022-01-29,2022-01-29
"Ladakh","1295","45","24018","143","223"," ","","",2022-01-29,2022-01-29
"Lakshadweep","278","2","10659","47","52"," ","","",2022-01-29,2022-01-29
"Madhya Pradesh","67945","3258","862909","11016","10602","5","","5",2022-01-29,2022-01-29
"Maharashtra","270444","20803","7242649","45648","142461","103","","103",2022-01-29,2022-01-29
"Manipur","3804","44","126315","407","2037","1","","1",2022-01-29,2022-01-29
"Meghalaya","2422","7","86265","348","1515","6","","6",2022-01-29,2022-01-29
"Mizoram","14608","887","154663","1250","597","6","","6",2022-01-29,2022-01-29
"Nagaland","902","52","32574","74","713","4","","4",2022-01-29,2022-01-29
"Odisha","53759","5464","1173907","10511","8560","10","","10",2022-01-29,2022-01-29
"Puducherry","14293","1458","142755","2724","1921","5","","5",2022-01-29,2022-01-29
"Punjab","33036","3905","684944","6879","17159","30","","30",2022-01-29,2022-01-29
"Rajasthan","80488","6780","1089864","14884","9202","21","","21",2022-01-29,2022-01-29
"Sikkim","1450","172","35938","336","428","1","","1",2022-01-29,2022-01-29
"Tamil Nadu","211863","1671","3029961","28156","37460","48","","48",2022-01-29,2022-01-29
"Telangana","40414","894","710479","2981","4083","2","","2",2022-01-29,2022-01-29
"Tripura","5798","833","93266","982","892","3","","3",2022-01-29,2022-01-29
"Uttarakhand","31086","236","376907","3042","7521","7","","7",2022-01-29,2022-01-29
"Uttar Pradesh","65263","7130","1908570","14993","23139","14","","14",2022-01-29,2022-01-29
"West Bengal","45729","9996","1920423","13767","20515","34","","34",2022-01-29,2022-01-29
"Andaman and Nicobar Islands","402","47","9246","81","129"," ","","",2022-01-31,2022-01-31
"Andhra Pradesh","116031","606","2139854","9692","14606","12","","12",2022-01-31,2022-01-31
"Arunachal Pradesh","2948","195","58848","324","286"," ","","",2022-01-31,2022-01-31
"Assam","23795","6340","684358","7230","6442","20","","20",2022-01-31,2022-01-31
"Bihar","6558","1155","804274","2389","12221","4","","4",2022-01-31,2022-01-31
"Chandigarh","3452","367","84574","805","1118","3","","3",2022-01-31,2022-01-31
"Chhattisgarh","25734","619","1083602","1744","13834","10","","10",2022-01-31,2022-01-31
"Dadra and Nagar Haveli and Daman and Diu","101","16","11196","26","4"," ","","",2022-01-31,2022-01-31
"Delhi","21490","3310","1780172","6954","25827","30","","30",2022-01-31,2022-01-31
"Goa","9658","763","225066","1582","3682","7","","7",2022-01-31,2022-01-31
"Gujarat","91320","6701","1052222","16066","10438","30","","30",2022-01-31,2022-01-31
"Haryana","28837","1383","906846","5284","10286","17","","17",2022-01-31,2022-01-31
"Himachal Pradesh","9452","1","256631","779","3995","9","","9",2022-01-31,2022-01-31
"Jammu and Kashmir","40270","1949","387946","6557","4659","7","","7",2022-01-31,2022-01-31
"Jharkhand","6495","1248","416117","1981","5300"," ","","",2022-01-31,2022-01-31
"Karnataka","251114","1048","3495239","29244","38942","68","","68",2022-01-31,2022-01-31
"Kerala***","355314","18394","5574535","32701","53666","101","374","475",2022-01-31,2022-01-31
"Ladakh","1212","49","24460","182","224"," ","","",2022-01-31,2022-01-31
"Lakshadweep","257","36","10747","60","52"," ","","",2022-01-31,2022-01-31
"Madhya Pradesh","63297","2745","885526","12041","10616","9","","9",2022-01-31,2022-01-31
"Maharashtra","231591","16621","7331806","39015","142572","50","","50",2022-01-31,2022-01-31
"Manipur","3976","42","126893","284","2041","3","","3",2022-01-31,2022-01-31
"Meghalaya","2353","66","87009","424","1522","4","","4",2022-01-31,2022-01-31
"Mizoram","14301","510","157584","1310","606","5","","5",2022-01-31,2022-01-31
"Nagaland","884","23","32722","68","735","20","","20",2022-01-31,2022-01-31
"Odisha","43952","4367","1193365","9191","8594","19","","19",2022-01-31,2022-01-31
"Puducherry","11027","1515","147792","2433","1928","5","","5",2022-01-31,2022-01-31
"Punjab","26791","2675","697180","5431","17214","24","","24",2022-01-31,2022-01-31
"Rajasthan","72289","2560","1118518","12600","9245","21","","21",2022-01-31,2022-01-31
"Sikkim","1110","205","36560","331","429","1","","1",2022-01-31,2022-01-31
"Tamil Nadu","203926","4424","3084470","26624","37544","38","","38",2022-01-31,2022-01-31
"Telangana","38723","1724","718241","4207","4086","1","","1",2022-01-31,2022-01-31
"Tripura","4307","823","95015","898","899","4","","4",2022-01-31,2022-01-31
"Uttarakhand","31165","81","381487","2260","7536","5","","5",2022-01-31,2022-01-31
"Uttar Pradesh","55574","4027","1934560","12080","23189","25","","25",2022-01-31,2022-01-31
"West Bengal","31562","6356","1941461","9750","20583","33","","33",2022-01-31,2022-01-31
"Andaman and Nicobar Islands","335","30","9362","62","129"," ","","",2022-02-02,2022-02-02
"Andhra Pradesh","105930","4587","2162033","10795","14620","5","","5",2022-02-02,2022-02-02
"Arunachal Pradesh","2497","338","59871","583","288","1","","1",2022-02-02,2022-02-02
"Assam","20808","1166","690603","2632","6481","20","","20",2022-02-02,2022-02-02
"Bihar","4724","358","807677","1180","12224","2","","2",2022-02-02,2022-02-02
"Chandigarh","2844","384","85675","537","1125","3","","3",2022-02-02,2022-02-02
"Chhattisgarh","21162","2375","1094073","5600","13869","16","","16",2022-02-02,2022-02-02
"Dadra and Nagar Haveli and Daman and Diu","99","5","11234","25","4"," ","","",2022-02-02,2022-02-02
"Delhi","16548","2181","1790511","4837","25892","27","","27",2022-02-02,2022-02-02
"Goa","7870","890","228247","1794","3699","6","","6",2022-02-02,2022-02-02
"Gujarat","75464","8329","1083022","16629","10511","38","","38",2022-02-02,2022-02-02
"Haryana","22749","2841","919357","5720","10320","15","","15",2022-02-02,2022-02-02
"Himachal Pradesh","9672","391","259273","1005","4007","7","","7",2022-02-02,2022-02-02
"Jammu and Kashmir","32558","3814","400935","6556","4683","9","","9",2022-02-02,2022-02-02
"Jharkhand","4372","886","419497","1506","5303","2","","2",2022-02-02,2022-02-02
"Karnataka","197755","46606","3587022","60914","39056","58","","58",2022-02-02,2022-02-02
"Kerala***","368580","10299","5653376","40383","55600","142","1063","1205",2022-02-02,2022-02-02
"Ladakh","1104","17","24857","147","225","1","","1",2022-02-02,2022-02-02
"Lakshadweep","245","9","10824","46","52"," ","","",2022-02-02,2022-02-02
"Madhya Pradesh","56294","4315","906826","10552","10624","6","","6",2022-02-02,2022-02-02
"Maharashtra","195424","15815","7397352","30093","142705","94","","94",2022-02-02,2022-02-02
"Manipur","3961","23","127572","346","2050","4","","4",2022-02-02,2022-02-02
"Meghalaya","2232","81","87626","371","1529","3","","3",2022-02-02,2022-02-02
"Mizoram","15338","249","161642","2318","615","6","","6",2022-02-02,2022-02-02
"Nagaland","894","47","32894","73","736"," ","","",2022-02-02,2022-02-02
"Odisha","34384","4698","1209313","7767","8629","17","","17",2022-02-02,2022-02-02
"Puducherry","9267","433","150689","1069","1935","4","","4",2022-02-02,2022-02-02
"Punjab","20937","2689","706900","4247","17292","39","","39",2022-02-02,2022-02-02
"Rajasthan","63036","3981","1140309","10173","9288","20","","20",2022-02-02,2022-02-02
"Sikkim","852","79","36966","174","432","3","","3",2022-02-02,2022-02-02
"Tamil Nadu","188599","9531","3135118","25592","37599","35","","35",2022-02-02,2022-02-02
"Telangana","35625","1543","727045","4391","4091","2","","2",2022-02-02,2022-02-02
"Tripura","2809","716","96732","798","913","8","","8",2022-02-02,2022-02-02
"Uttarakhand","27295","2561","388369","4383","7564","18","","18",2022-02-02,2022-02-02
"Uttar Pradesh","47198","7638","1953769","12263","23233","26","","26",2022-02-02,2022-02-02
"West Bengal","22142","3567","1954736","5548","20652","33","","33",2022-02-02,2022-02-02
"Andaman and Nicobar Islands","290","45","9425","63","129"," ","","",2022-02-03,2022-02-03
"Andhra Pradesh","100622","5308","2173313","11280","14631","11","","11",2022-02-03,2022-02-03
"Arunachal Pradesh","2375","122","60228","357","290","2","","2",2022-02-03,2022-02-03
"Assam","16525","4283","695896","5293","6499","18","","18",2022-02-03,2022-02-03
"Bihar","3753","971","809445","1768","12226","2","","2",2022-02-03,2022-02-03
"Chandigarh","2590","254","86289","614","1129","4","","4",2022-02-03,2022-02-03
"Chhattisgarh","21475","313","1096510","2437","13883","14","","14",2022-02-03,2022-02-03
"Dadra and Nagar Haveli and Daman and Diu","103","4","11252","18","4"," ","","",2022-02-03,2022-02-03
"Delhi","14870","1678","1795190","4679","25919","27","","27",2022-02-03,2022-02-03
"Goa","7051","819","229712","1465","3708","9","","9",2022-02-03,2022-02-03
"Gujarat","69187","6277","1098199","15177","10545","34","","34",2022-02-03,2022-02-03
"Haryana","20882","1867","924474","5117","10337","17","","17",2022-02-03,2022-02-03
"Himachal Pradesh","9422","250","259814","541","4007"," ","","",2022-02-03,2022-02-03
"Jammu and Kashmir","29829","2729","405959","5024","4692","9","","9",2022-02-03,2022-02-03
"Jharkhand","3781","591","420686","1189","5306","3","","3",2022-02-03,2022-02-03
"Karnataka","177276","20479","3627925","40903","39137","81","","81",2022-02-03,2022-02-03
"Kerala***","378564","9984","5695091","41715","56100","165","335","500",2022-02-03,2022-02-03
"Ladakh","1140","36","25034","177","226","1","","1",2022-02-03,2022-02-03
"Lakshadweep","225","20","10873","49","52"," ","","",2022-02-03,2022-02-03
"Madhya Pradesh","53951","2343","916522","9696","10630","6","","6",2022-02-03,2022-02-03
"Maharashtra","177131","18293","7433633","36281","142784","79","","79",2022-02-03,2022-02-03
"Manipur","3943","18","127909","337","2053","3","","3",2022-02-03,2022-02-03
"Meghalaya","2075","157","88013","387","1533","4","","4",2022-02-03,2022-02-03
"Mizoram","15563","225","163560","1918","617","2","","2",2022-02-03,2022-02-03
"Nagaland","840","54","33034","140","736"," ","","",2022-02-03,2022-02-03
"Odisha","31748","2636","1215380","6067","8648","19","","19",2022-02-03,2022-02-03
"Puducherry","6852","2415","153840","3151","1941","6","","6",2022-02-03,2022-02-03
"Punjab","17750","3187","711767","4867","17320","28","","28",2022-02-03,2022-02-03
"Rajasthan","58603","4433","1153148","12839","9310","22","","22",2022-02-03,2022-02-03
"Sikkim","727","125","37194","228","432"," ","","",2022-02-03,2022-02-03
"Tamil Nadu","177999","10600","3159694","24576","37636","37","","37",2022-02-03,2022-02-03
"Telangana","34665","960","730648","3603","4094","3","","3",2022-02-03,2022-02-03
"Tripura","2368","441","97240","508","914","1","","1",2022-02-03,2022-02-03
"Uttarakhand","26071","1224","391664","3295","7574","10","","10",2022-02-03,2022-02-03
"Uttar Pradesh","41795","5403","1964167","10398","23254","21","","21",2022-02-03,2022-02-03
"West Bengal","21880","262","1957686","2950","20687","35","","35",2022-02-03,2022-02-03
"Andaman and Nicobar Islands","211","37","9543","53","129"," ","","",2022-02-05,2022-02-05
"Andhra Pradesh","88364","5124","2194359","9317","14646","5","","5",2022-02-05,2022-02-05
"Arunachal Pradesh","1985","211","61039","407","291"," ","","",2022-02-05,2022-02-05
"Assam","13289","1844","700856","2568","6533","15","","15",2022-02-05,2022-02-05
"Bihar","3238","153","811103","645","12234","4","","4",2022-02-05,2022-02-05
"Chandigarh","2099","216","87247","396","1135","3","","3",2022-02-05,2022-02-05
"Chhattisgarh","18686","1395","1103835","3489","13914","19","","19",2022-02-05,2022-02-05
"Dadra and Nagar Haveli and Daman and Diu","107","7","11281","21","4"," ","","",2022-02-05,2022-02-05
"Delhi","11716","1914","1803251","4166","25952","20","","20",2022-02-05,2022-02-05
"Goa","5968","737","231989","1322","3727","10","","10",2022-02-05,2022-02-05
"Gujarat","57521","6043","1123499","12105","10614","35","","35",2022-02-05,2022-02-05
"Haryana","16877","1741","934090","4220","10372","19","","19",2022-02-05,2022-02-05
"Himachal Pradesh","7539","1663","263931","2472","4026","7","","7",2022-02-05,2022-02-05
"Jammu and Kashmir","24080","2631","415109","4057","4702","3","","3",2022-02-05,2022-02-05
"Jharkhand","3055","201","422440","708","5308"," ","","",2022-02-05,2022-02-05
"Karnataka","123131","25702","3713343","40599","39250","53","","53",2022-02-05,2022-02-05
"Kerala***","366871","2948","5786949","41037","57296","225","370","595",2022-02-05,2022-02-05
"Ladakh","1079","68","25405","218","226"," ","","",2022-02-05,2022-02-05
"Lakshadweep","188","25","10947","40","52"," ","","",2022-02-05,2022-02-05
"Madhya Pradesh","51019","1944","933382","8451","10648","9","","9",2022-02-05,2022-02-05
"Maharashtra","147941","14132","7491759","27891","142940","81","","81",2022-02-05,2022-02-05
"Manipur","3893","83","128494","357","2057","3","","3",2022-02-05,2022-02-05
"Meghalaya","1839","166","88644","375","1538","2","","2",2022-02-05,2022-02-05
"Mizoram","14999","633","167853","2406","621","4","","4",2022-02-05,2022-02-05
"Nagaland","787","20","33235","98","737","1","","1",2022-02-05,2022-02-05
"Odisha","24437","3435","1228976","6109","8689","23","","23",2022-02-05,2022-02-05
"Puducherry","5458","1180","156159","1608","1946","3","","3",2022-02-05,2022-02-05
"Punjab","14321","1749","718559","2998","17392","32","","32",2022-02-05,2022-02-05
"Rajasthan","54869","4644","1170849","10560","9353","21","","21",2022-02-05,2022-02-05
"Sikkim","655"," ","37437","109","433","1","","1",2022-02-05,2022-02-05
"Tamil Nadu","155329","11549","3204213","21435","37696","30","","30",2022-02-05,2022-02-05
"Telangana","30931","2173","739187","4559","4097","1","","1",2022-02-05,2022-02-05
"Tripura","1184","542","98537","594","916","1","","1",2022-02-05,2022-02-05
"Uttarakhand","21358","3018","399156","4186","7596","15","","15",2022-02-05,2022-02-05
"Uttar Pradesh","36411","5060","1978525","8817","23286","9","","9",2022-02-05,2022-02-05
"West Bengal","20213","933","1962721","2421","20758","35","","35",2022-02-05,2022-02-05
"Andaman and Nicobar Islands","199","15","9587","34","129"," ","","",2022-02-07,2022-02-07
"Andhra Pradesh","69572","9174","2219219","11855","14664","9","","9",2022-02-07,2022-02-07
"Arunachal Pradesh","1599","201","61589","259","291"," ","","",2022-02-07,2022-02-07
"Assam","9701","2227","705118","2471","6561","12","","12",2022-02-07,2022-02-07
"Bihar","2451","466","812625","761","12236"," ","","",2022-02-07,2022-02-07
"Chandigarh","1571","336","88005","439","1139","2","","2",2022-02-07,2022-02-07
"Chhattisgarh","16608","274","1108630","1241","13937","9","","9",2022-02-07,2022-02-07
"Dadra and Nagar Haveli and Daman and Diu","96","2","11298","4","4"," ","","",2022-02-07,2022-02-07
"Delhi","8869","1110","1809081","2506","25983","14","","14",2022-02-07,2022-02-07
"Goa","4664","551","234034","826","3740","7","","7",2022-02-07,2022-02-07
"Gujarat","44618","6395","1144956","10273","10667","19","","19",2022-02-07,2022-02-07
"Haryana","14136","1460","940332","2995","10395","9","","9",2022-02-07,2022-02-07
"Himachal Pradesh","6280","357","266199","722","4043","11","","11",2022-02-07,2022-02-07
"Jammu and Kashmir","17412","3251","424521","4393","4715","9","","9",2022-02-07,2022-02-07
"Jharkhand","2616","171","423698","543","5311","1","","1",2022-02-07,2022-02-07
"Karnataka","97814","11422","3758997","19800","39347","47","","47",2022-02-07,2022-02-07
"Kerala***","330105","23047","5883023","49261","58255","137","378","515",2022-02-07,2022-02-07
"Ladakh","987","38","25729","159","226"," ","","",2022-02-07,2022-02-07
"Lakshadweep","152","18","11012","36","52"," ","","",2022-02-07,2022-02-07
"Madhya Pradesh","44778","3208","950313","8373","10662","6","","6",2022-02-07,2022-02-07
"Maharashtra","122015","15575","7538611","25175","143074","66","","66",2022-02-07,2022-02-07
"Manipur","3786","7","129013","204","2063","4","","4",2022-02-07,2022-02-07
"Meghalaya","1462","183","89293","336","1546","4","","4",2022-02-07,2022-02-07
"Mizoram","14006","851","171256","1507","623","2","","2",2022-02-07,2022-02-07
"Nagaland","698","40","33415","72","743","2","","2",2022-02-07,2022-02-07
"Odisha","20101","1541","1237976","3624","8734","23","","23",2022-02-07,2022-02-07
"Puducherry","4152","478","158086","756","1948","1","","1",2022-02-07,2022-02-07
"Punjab","10351","1965","724214","2692","17436","28","","28",2022-02-07,2022-02-07
"Rajasthan","45893","5250","1189910","9752","9379","7","","7",2022-02-07,2022-02-07
"Sikkim","613","32","37628","100","435","1","","1",2022-02-07,2022-02-07
"Tamil Nadu","121828","17050","3251295","23144","37759","26","","26",2022-02-07,2022-02-07
"Telangana","26498","2728","746932","3944","4100","1","","1",2022-02-07,2022-02-07
"Tripura","748","139","98997","150","918","2","","2",2022-02-07,2022-02-07
"Uttarakhand","16409","871","405512","1447","7618","9","","9",2022-02-07,2022-02-07
"Uttar Pradesh","28156","4358","1993043","7117","23318","15","","15",2022-02-07,2022-02-07
"West Bengal","17994","1282","1967055","2083","20823","34","","34",2022-02-07,2022-02-07
"Andaman and Nicobar Islands","192","7","9604","17","129"," ","","",2022-02-08,2022-02-08
"Andhra Pradesh","62395","7177","2227985","8766","14672","8","","8",2022-02-08,2022-02-08
"Arunachal Pradesh","1443","156","61884","295","292","1","","1",2022-02-08,2022-02-08
"Assam","8435","1266","706931","1813","6571","10","","10",2022-02-08,2022-02-08
"Bihar","2355","96","812953","328","12239","3","","3",2022-02-08,2022-02-08
"Chandigarh","1323","248","88347","342","1141","2","","2",2022-02-08,2022-02-08
"Chhattisgarh","13706","2902","1112810","4180","13951","14","","14",2022-02-08,2022-02-08
"Dadra and Nagar Haveli and Daman and Diu","95","1","11303","5","4"," ","","",2022-02-08,2022-02-08
"Delhi","7885","984","1811201","2120","25998","15","","15",2022-02-08,2022-02-08
"Goa","4377","287","234534","500","3748","8","","8",2022-02-08,2022-02-08
"Gujarat","38644","5974","1153818","8862","10688","21","","21",2022-02-08,2022-02-08
"Haryana","11802","2334","943876","3544","10416","21","","21",2022-02-08,2022-02-08
"Himachal Pradesh","5431","849","267754","1555","4051","8","","8",2022-02-08,2022-02-08
"Jammu and Kashmir","14924","2488","427689","3168","4721","6","","6",2022-02-08,2022-02-08
"Jharkhand","2421","195","424171","473","5313","2","","2",2022-02-08,2022-02-08
"Karnataka","87114","10700","3775799","16802","39396","49","","49",2022-02-08,2022-02-08
"Kerala***","302183","27922","5932609","49586","59115","127","733","860",2022-02-08,2022-02-08
"Ladakh","882","105","25884","155","226"," ","","",2022-02-08,2022-02-08
"Lakshadweep","148","4","11041","29","52"," ","","",2022-02-08,2022-02-08
"Madhya Pradesh","40591","4187","958443","8130","10664","2","","2",2022-02-08,2022-02-08
"Maharashtra","110004","12011","7557034","18423","143098","24","","24",2022-02-08,2022-02-08
"Manipur","3659","127","129285","272","2066","3","","3",2022-02-08,2022-02-08
"Meghalaya","1339","123","89476","183","1548","2","","2",2022-02-08,2022-02-08
"Mizoram","13991","15","173495","2239","623"," ","","",2022-02-08,2022-02-08
"Nagaland","691","7","33490","75","746","3","","3",2022-02-08,2022-02-08
"Odisha","17957","2144","1241597","3621","8754","20","","20",2022-02-08,2022-02-08
"Puducherry","3689","463","158737","651","1950","2","","2",2022-02-08,2022-02-08
"Punjab","8750","1601","726416","2202","17469","33","","33",2022-02-08,2022-02-08
"Rajasthan","40880","5013","1197209","7299","9391","12","","12",2022-02-08,2022-02-08
"Sikkim","539","74","37734","106","436","1","","1",2022-02-08,2022-02-08
"Tamil Nadu","105892","15936","3272322","21027","37772","13","","13",2022-02-08,2022-02-08
"Telangana","24000","2498","750809","3877","4101","1","","1",2022-02-08,2022-02-08
"Tripura","596","152","99182","185","919","1","","1",2022-02-08,2022-02-08
"Uttarakhand","12969","3440","409574","4062","7620","2","","2",2022-02-08,2022-02-08
"Uttar Pradesh","26725","1431","1996865","3822","23330","12","","12",2022-02-08,2022-02-08
"West Bengal","16864","1130","1968797","1742","20852","29","","29",2022-02-08,2022-02-08
"Andaman and Nicobar Islands","178","14","9636","32","129"," ","","",2022-02-09,2022-02-10
"Andhra Pradesh","54040","8355","2238226","10241","14677","5","","5",2022-02-09,2022-02-10
"Arunachal Pradesh","1254","189","62178","294","292"," ","","",2022-02-09,2022-02-10
"Assam","7612","823","708177","1246","6579","8","","8",2022-02-09,2022-02-10
"Bihar","2024","331","813553","600","12243","4","","4",2022-02-09,2022-02-10
"Chandigarh","1252","71","88501","154","1143","2","","2",2022-02-09,2022-02-10
"Chhattisgarh","11426","2280","1116380","3570","13961","10","","10",2022-02-09,2022-02-10
"Dadra and Nagar Haveli and Daman and Diu","88","7","11312","9","4"," ","","",2022-02-09,2022-02-10
"Delhi","6908","977","1813280","2079","26010","12","","12",2022-02-09,2022-02-10
"Goa","3930","447","235444","910","3754","6","","6",2022-02-09,2022-02-10
"Gujarat","33631","5013","1161305","7487","10716","28","","28",2022-02-09,2022-02-10
"Haryana","10222","1580","946742","2866","10433","17","","17",2022-02-09,2022-02-10
"Himachal Pradesh","4812","619","269126","1372","4060","9","","9",2022-02-09,2022-02-10
"Jammu and Kashmir","12358","2566","431019","3330","4728","7","","7",2022-02-09,2022-02-10
"Jharkhand","2272","149","424583","412","5314","1","","1",2022-02-09,2022-02-10
"Karnataka","72448","14666","3794866","19067","39447","51","","51",2022-02-09,2022-02-10
"Kerala***","284437","17746","5979002","46393","59939","233","591","824",2022-02-09,2022-02-10
"Ladakh","773","109","26063","179","226"," ","","",2022-02-09,2022-02-10
"Lakshadweep","144","4","11063","22","52"," ","","",2022-02-09,2022-02-10
"Madhya Pradesh","37143","3448","964970","6527","10668","4","","4",2022-02-09,2022-02-10
"Maharashtra","100019","9985","7573069","16035","143155","57","","57",2022-02-09,2022-02-10
"Manipur","3604","55","129494","209","2072","6","","6",2022-02-09,2022-02-10
"Meghalaya","1208","131","89761","285","1552","4","","4",2022-02-09,2022-02-10
"Mizoram","13385","606","175904","2409","626","3","","3",2022-02-09,2022-02-10
"Nagaland","668","23","33571","81","747","1","","1",2022-02-09,2022-02-10
"Odisha","16010","1947","1245026","3429","8775","21","","21",2022-02-09,2022-02-10
"Puducherry","3428","261","159181","444","1953","3","","3",2022-02-09,2022-02-10
"Punjab","7451","1299","728178","1762","17495","26","","26",2022-02-09,2022-02-10
"Rajasthan","37278","3602","1204206","6997","9407","16","","16",2022-02-09,2022-02-10
"Sikkim","568","29","37779","45","437","1","","1",2022-02-09,2022-02-10
"Tamil Nadu","90137","15755","3292559","20237","37809","37","","37",2022-02-09,2022-02-10
"Telangana","21470","2530","754399","3590","4102","1","","1",2022-02-09,2022-02-10
"Tripura","535","61","99261","79","919"," ","","",2022-02-09,2022-02-10
"Uttarakhand","10926","2043","412381","2807","7628","8","","8",2022-02-09,2022-02-10
"Uttar Pradesh","23180","3545","2002318","5453","23343","13","","13",2022-02-09,2022-02-10
"West Bengal","16009","855","1970356","1559","20884","32","","32",2022-02-09,2022-02-10
"Andaman and Nicobar Islands","139","13","9693","16","129"," ","","",2022-02-12,2022-02-12
"Andhra Pradesh","32413","8471","2264032","9632","14688","5","","5",2022-02-12,2022-02-12
"Arunachal Pradesh","850","128","62796","177","294","1","","1",2022-02-12,2022-02-12
"Assam","5263","505","711385","766","6596","6","","6",2022-02-12,2022-02-12
"Bihar","1421","239","814917","474","12246","1","","1",2022-02-12,2022-02-12
"Chandigarh","728","88","89332","180","1149","3","","3",2022-02-12,2022-02-12
"Chhattisgarh","8464","1433","1122488","2369","13988","10","","10",2022-02-12,2022-02-12
"Dadra and Nagar Haveli and Daman and Diu","28","7","11385","11","4"," ","","",2022-02-12,2022-02-12
"Delhi","4812","626","1818737","1591","26047","12","","12",2022-02-12,2022-02-12
"Goa","2804","398","237312","595","3768","4","","4",2022-02-12,2022-02-12
"Gujarat","18301","3136","1183294","5005","10775","14","","14",2022-02-12,2022-02-12
"Haryana","7039","850","954000","2025","10472","10","","10",2022-02-12,2022-02-12
"Himachal Pradesh","4132","212","271489","702","4076","9","","9",2022-02-12,2022-02-12
"Jammu and Kashmir","7424","1088","437708","1626","4741","2","","2",2022-02-12,2022-02-12
"Jharkhand","1968","120","425672","326","5314"," ","","",2022-02-12,2022-02-12
"Karnataka","44605","7442","3836915","11377","39575","41","","41",2022-02-12,2022-02-12
"Kerala***","206180","27567","6113257","43087","61626","241","251","492",2022-02-12,2022-02-12
"Ladakh","583","87","26530","147","226"," ","","",2022-02-12,2022-02-12
"Lakshadweep","89","9","11145","23","52"," ","","",2022-02-12,2022-02-12
"Madhya Pradesh","26179","3386","984500","5995","10682","3","","3",2022-02-12,2022-02-12
"Maharashtra","64865","9243","7626868","14635","143355","63","","63",2022-02-12,2022-02-12
"Manipur","2345","52","131216","158","2077","2","","2",2022-02-12,2022-02-12
"Meghalaya","928","92","90360","172","1559","1","","1",2022-02-12,2022-02-12
"Mizoram","12623","63","181931","1883","635","2","","2",2022-02-12,2022-02-12
"Nagaland","509","40","33858","74","750","1","","1",2022-02-12,2022-02-12
"Odisha","11823","931","1253914","2483","8838","20","","20",2022-02-12,2022-02-12
"Puducherry","1993","513","161121","661","1957","1","","1",2022-02-12,2022-02-12
"Punjab","4946","825","732291","1249","17575","21","","21",2022-02-12,2022-02-12
"Rajasthan","25779","3751","1225773","6632","9448","9","","9",2022-02-12,2022-02-12
"Sikkim","499","42","37960","70","437"," ","","",2022-02-12,2022-02-12
"Tamil Nadu","56002","10990","3337265","14051","37887","25","","25",2022-02-12,2022-02-12
"Telangana","15636","2118","762594","2850","4106","1","","1",2022-02-12,2022-02-12
"Tripura","256","51","99603","68","919"," ","","",2022-02-12,2022-02-12
"Uttarakhand","7993","846","417238","1348","7643","8","","8",2022-02-12,2022-02-12
"Uttar Pradesh","16640","1376","2014973","3143","23382","10","","10",2022-02-12,2022-02-12
"West Bengal","14184","621","1974568","1361","20965","27","","27",2022-02-12,2022-02-12
"Andaman and Nicobar Islands","139"," ","9706","13","129"," ","","",2022-02-13,2022-02-13
"Andhra Pradesh","24454","7959","2272881","8849","14694","6","","6",2022-02-13,2022-02-13
"Arunachal Pradesh","695","155","62993","197","294"," ","","",2022-02-13,2022-02-13
"Assam","4730","533","712085","700","6601","5","","5",2022-02-13,2022-02-13
"Bihar","1347","74","815160","243","12251","5","","5",2022-02-13,2022-02-13
"Chandigarh","686","42","89459","127","1151","2","","2",2022-02-13,2022-02-13
"Chhattisgarh","8195","269","1123498","1010","14001","13","","13",2022-02-13,2022-02-13
"Dadra and Nagar Haveli and Daman and Diu","29","1","11392","7","4"," ","","",2022-02-13,2022-02-13
"Delhi","4331","481","1820125","1388","26060","13","","13",2022-02-13,2022-02-13
"Goa","2488","316","237784","472","3769","1","","1",2022-02-13,2022-02-13
"Gujarat","15972","2329","1187249","3955","10795","20","","20",2022-02-13,2022-02-13
"Haryana","6889","150","955316","1316","10479","7","","7",2022-02-13,2022-02-13
"Himachal Pradesh","3986","146","272040","551","4080","4","","4",2022-02-13,2022-02-13
"Jammu and Kashmir","6255","1169","439332","1624","4744","3","","3",2022-02-13,2022-02-13
"Jharkhand","1867","101","425953","281","5314"," ","","",2022-02-13,2022-02-13
"Karnataka","38781","5824","3845903","8988","39613","38","","38",2022-02-13,2022-02-13
"Kerala***","182118","24062","6152076","38819","62053","145","282","427",2022-02-13,2022-02-13
"Ladakh","570","13","26604","74","226"," ","","",2022-02-13,2022-02-13
"Lakshadweep","77","12","11167","22","52"," ","","",2022-02-13,2022-02-13
"Madhya Pradesh","22390","3789","990720","6220","10689","7","","7",2022-02-13,2022-02-13
"Maharashtra","56206","8659","7639854","12986","143387","32","","32",2022-02-13,2022-02-13
"Manipur","2321","24","131347","131","2080","3","","3",2022-02-13,2022-02-13
"Meghalaya","850","78","90522","162","1561","2","","2",2022-02-13,2022-02-13
"Mizoram","12116","507","183668","1737","636","1","","1",2022-02-13,2022-02-13
"Nagaland","503","6","33920","62","750"," ","","",2022-02-13,2022-02-13
"Odisha","11257","566","1255995","2081","8862","24","","24",2022-02-13,2022-02-13
"Puducherry","1581","412","161614","493","1957"," ","","",2022-02-13,2022-02-13
"Punjab","4247","699","733402","1111","17585","10","","10",2022-02-13,2022-02-13
"Rajasthan","23404","2375","1230746","4973","9456","8","","8",2022-02-13,2022-02-13
"Sikkim","464","35","38026","66","437"," ","","",2022-02-13,2022-02-13
"Tamil Nadu","47643","8359","3348419","11154","37904","17","","17",2022-02-13,2022-02-13
"Telangana","13674","1962","765239","2645","4106"," ","","",2022-02-13,2022-02-13
"Tripura","206","50","99665","62","919"," ","","",2022-02-13,2022-02-13
"Uttarakhand","7814","179","417862","624","7645","2","","2",2022-02-13,2022-02-13
"Uttar Pradesh","15276","1364","2018074","3101","23391","9","","9",2022-02-13,2022-02-13
"West Bengal","13484","700","1975915","1347","20990","25","","25",2022-02-13,2022-02-13
"Andaman and Nicobar Islands","83","13","9782","21","129"," ","","",2022-02-18,2022-02-18
"Andhra Pradesh","9470","1338","2290853","1864","14707","2","","2",2022-02-18,2022-02-18
"Arunachal Pradesh","361","60","63544","100","295","1","","1",2022-02-18,2022-02-18
"Assam","2479","376","714759","419","6623","4","","4",2022-02-18,2022-02-18
"Bihar","877","100","816327","225","12253"," ","","",2022-02-18,2022-02-18
"Chandigarh","375","60","89956","93","1158","2","","2",2022-02-18,2022-02-18
"Chhattisgarh","4056","747","1130227","1166","14018","2","","2",2022-02-18,2022-02-18
"Dadra and Nagar Haveli and Daman and Diu","21","4","11410","4","4"," ","","",2022-02-18,2022-02-18
"Delhi","3026","171","1825050","905","26091","5","","5",2022-02-18,2022-02-18
"Goa","1227","381","239496","481","3785","3","","3",2022-02-18,2022-02-18
"Gujarat","8014","1364","1200204","2221","10864","13","","13",2022-02-18,2022-02-18
"Haryana","4427","533","961697","1263","10512","8","","8",2022-02-18,2022-02-18
"Himachal Pradesh","2246","327","275098","584","4089","3","","3",2022-02-18,2022-02-18
"Jammu and Kashmir","2978","705","444069","937","4745"," ","","",2022-02-18,2022-02-18
"Jharkhand","1066"," ","427301"," ","5315"," ","","",2022-02-18,2022-02-18
"Karnataka","19797","3523","3873580","5079","39738","23","","23",2022-02-18,2022-02-18
"Kerala***","100211","14371","6285477","22707","63338","126","193","319",2022-02-18,2022-02-18
"Ladakh","416","51","27051","105","228"," ","","",2022-02-18,2022-02-18
"Lakshadweep","67","1","11239","11","52"," ","","",2022-02-18,2022-02-18
"Madhya Pradesh","11535","1458","1009345","2780","10709","6","","6",2022-02-18,2022-02-18
"Maharashtra","27798","3626","7681961","6383","143532","40","","40",2022-02-18,2022-02-18
"Manipur","2094","50","132055","151","2090","2","","2",2022-02-18,2022-02-18
"Meghalaya","510","40","91098","82","1565"," ","","",2022-02-18,2022-02-18
"Mizoram","10592","752","192093","1871","640"," ","","",2022-02-18,2022-02-18
"Nagaland","347","20","34228","42","753"," ","","",2022-02-18,2022-02-18
"Odisha","7252","595","1264571","1465","8961","16","","16",2022-02-18,2022-02-18
"Puducherry","691","45","162834","113","1959"," ","","",2022-02-18,2022-02-18
"Punjab","2279","427","736804","689","17642","7","","7",2022-02-18,2022-02-18
"Rajasthan","14085","2011","1247894","3510","9501","7","","7",2022-02-18,2022-02-18
"Sikkim","214","35","38344","46","440"," ","","",2022-02-18,2022-02-18
"Tamil Nadu","23772","3522","3380049","4768","37962","6","","6",2022-02-18,2022-02-18
"Telangana","6746","927","774742","1380","4108"," ","","",2022-02-18,2022-02-18
"Tripura","111","9","99797","19","919"," ","","",2022-02-18,2022-02-18
"Uttarakhand","4601","797","422347","1085","7667","3","","3",2022-02-18,2022-02-18
"Uttar Pradesh","9492","1474","2029351","2318","23419","5","","5",2022-02-18,2022-02-18
"West Bengal","8776","915","1982605","1367","21094","15","","15",2022-02-18,2022-02-18
"Andaman and Nicobar Islands","61","22","9810","28","129"," ","","",2022-02-19,2022-02-19
"Andhra Pradesh","8421","1049","2292396","1543","14708","1","","1",2022-02-19,2022-02-19
"Arunachal Pradesh","351","10","63597","53","296","1","","1",2022-02-19,2022-02-19
"Assam","2313","166","714968","209","6626","3","","3",2022-02-19,2022-02-19
"Bihar","783","94","816510","183","12255","2","","2",2022-02-19,2022-02-19
"Chandigarh","311","64","90049","93","1160","2","","2",2022-02-19,2022-02-19
"Chhattisgarh","3856","200","1130816","589","14021","3","","3",2022-02-19,2022-02-19
"Dadra and Nagar Haveli and Daman and Diu","16","5","11417","7","4"," ","","",2022-02-19,2022-02-19
"Delhi","2775","251","1825904","854","26095","4","","4",2022-02-19,2022-02-19
"Goa","807","420","240008","512","3788","3","","3",2022-02-19,2022-02-19
"Gujarat","6736","1278","1202089","1885","10874","10","","10",2022-02-19,2022-02-19
"Haryana","3995","432","962799","1102","10517","5","","5",2022-02-19,2022-02-19
"Himachal Pradesh","2047","199","275581","483","4090","1","","1",2022-02-19,2022-02-19
"Jammu and Kashmir","2597","381","444646","577","4746","1","","1",2022-02-19,2022-02-19
"Jharkhand","837","229","427696","395","5315"," ","","",2022-02-19,2022-02-19
"Karnataka","16221","3576","3878470","4890","39757","19","","19",2022-02-19,2022-02-19
"Kerala***","86666","13545","6306611","21134","63529","61","130","191",2022-02-19,2022-02-19
"Ladakh","405","11","27113","62","228"," ","","",2022-02-19,2022-02-19
"Lakshadweep","67"," ","11243","4","52"," ","","",2022-02-19,2022-02-19
"Madhya Pradesh","9706","1829","1012060","2715","10711","2","","2",2022-02-19,2022-02-19
"Maharashtra","25142","2656","7686670","4709","143547","15","","15",2022-02-19,2022-02-19
"Manipur","687","1407","133543","1488","2092","2","","2",2022-02-19,2022-02-19
"Meghalaya","473","37","91189","91","1566","1","","1",2022-02-19,2022-02-19
"Mizoram","9919","673","193916","1823","641","1","","1",2022-02-19,2022-02-19
"Nagaland","316","31","34271","43","753"," ","","",2022-02-19,2022-02-19
"Odisha","6636","616","1265843","1272","8976","15","","15",2022-02-19,2022-02-19
"Puducherry","586","105","162989","155","1959"," ","","",2022-02-19,2022-02-19
"Punjab","1875","404","737373","569","17651","9","","9",2022-02-19,2022-02-19
"Rajasthan","12200","1885","1251006","3112","9507","6","","6",2022-02-19,2022-02-19
"Sikkim","189","25","38381","37","440"," ","","",2022-02-19,2022-02-19
"Tamil Nadu","20681","3091","3384278","4229","37970","8","","8",2022-02-19,2022-02-19
"Telangana","6111","635","775802","1060","4108"," ","","",2022-02-19,2022-02-19
"Tripura","94","17","99820","23","919"," ","","",2022-02-19,2022-02-19
"Uttarakhand","3440","1161","423724","1377","7669","2","","2",2022-02-19,2022-02-19
"Uttar Pradesh","8683","809","2030997","1646","23424","5","","5",2022-02-19,2022-02-19
"West Bengal","7736","1040","1983951","1346","21107","13","","13",2022-02-19,2022-02-19
"Andaman and Nicobar Islands","15","3","9872","4","129"," ","","",2022-02-26,2022-02-26
"Andhra Pradesh","4709","218","2298033","496","14722","2","","2",2022-02-26,2022-02-26
"Arunachal Pradesh","178","43","63928","59","296"," ","","",2022-02-26,2022-02-26
"Assam","1610","56","715840","73","6638","1","","1",2022-02-26,2022-02-26
"Bihar","349","31","817349","80","12255"," ","","",2022-02-26,2022-02-26
"Chandigarh","167","9","90356","31","1164"," ","","",2022-02-26,2022-02-26
"Chhattisgarh","1961","100","1134554","315","14024","1","","1",2022-02-26,2022-02-26
"Dadra and Nagar Haveli and Daman and Diu","1","2","11433","2","4"," ","","",2022-02-26,2022-02-26
"Delhi","2085","191","1830412","649","26117","2","","2",2022-02-26,2022-02-26
"Goa","347","60","240791","90","3800","2","","2",2022-02-26,2022-02-26
"Gujarat","2538","404","1208657","644","10924","5","","5",2022-02-26,2022-02-26
"Haryana","2310","190","967898","585","10551","4","","4",2022-02-26,2022-02-26
"Himachal Pradesh","1322","149","277637","297","4114","1","","1",2022-02-26,2022-02-26
"Jammu and Kashmir","995","92","447074","187","4748"," ","","",2022-02-26,2022-02-26
"Jharkhand","520","33","428436","85","5315"," ","","",2022-02-26,2022-02-26
"Karnataka","7556","736","3892459","1349","39900","15","","15",2022-02-26,2022-02-26
"Kerala***","38040","4433","6388398","7837","64980","49","128","177",2022-02-26,2022-02-26
"Ladakh","230","18","27513","42","228"," ","","",2022-02-26,2022-02-26
"Lakshadweep","14","8","11331","8","52"," ","","",2022-02-26,2022-02-26
"Madhya Pradesh","4809","361","1022161","889","10726","2","","2",2022-02-26,2022-02-26
"Maharashtra","12682","1560","7707254","2521","143687","12","","12",2022-02-26,2022-02-26
"Manipur","536","27","134046","60","2108","3","","3",2022-02-26,2022-02-26
"Meghalaya","211","10","91627","34","1575","2","","2",2022-02-26,2022-02-26
"Mizoram","8106","303","203456","1207","655","3","","3",2022-02-26,2022-02-26
"Nagaland","139","13","34502","18","754"," ","","",2022-02-26,2022-02-26
"Odisha","2843","247","1272428","585","9052","7","","7",2022-02-26,2022-02-26
"Puducherry","202","25","163528","39","1960"," ","","",2022-02-26,2022-02-26
"Punjab","848","51","739310","164","17701","7","","7",2022-02-26,2022-02-26
"Rajasthan","5739","857","1263081","1510","9535"," ","","",2022-02-26,2022-02-26
"Sikkim","78","3","38540","12","442"," ","","",2022-02-26,2022-02-26
"Tamil Nadu","8150","1290","3401938","1794","38000","3","","3",2022-02-26,2022-02-26
"Telangana","3810","282","780462","569","4111"," ","","",2022-02-26,2022-02-26
"Tripura","42","3","99898","4","919"," ","","",2022-02-26,2022-02-26
"Uttarakhand","2342","15","425891","106","7679","1","","1",2022-02-26,2022-02-26
"Uttar Pradesh","4409","357","2038979","823","23447","1","","1",2022-02-26,2022-02-26
"West Bengal","1988","174","1991410","430","21169","4","","4",2022-02-26,2022-02-26
